<?xml version="1.0" encoding="utf-8"?>
<rss version="2.0" xml:base="https://osmstats.redcross.org/"  xmlns:dc="https://purl.org/dc/elements/1.1/">
<channel>
<title>OSM Stats Redcross -</title>
<link>https://osmstats.redcross.org/</link>
<description></description>

<item><title>	OSM Stats Redcross -	</title><link>	https://osmstats.redcross.org/	</link><description>&lt;div class=&quot;field field-name-field-date field-type-datetime field-label-above;/div&gt;</description><dc:creator>royal</dc:creator><guid isPermaLink="false">13584 at	https://osmstats.redcross.org/	</guid></item>
<item><title>	3 Budget-Friendly Upgrades to Breathe New Life into Old Decor	</title><link>	https://osmstats.redcross.org/3-budget-friendly-upgrades-to-breathe-new-life-into-old-decor.html	</link><description>&lt;div class=&quot;field field-name-field-date field-type-datetime field-label-above;/div&gt;</description><dc:creator>royal</dc:creator><guid isPermaLink="false">13584 at	https://osmstats.redcross.org/3-budget-friendly-upgrades-to-breathe-new-life-into-old-decor.html	</guid></item>
<item><title>	Bust Through 5 Common Layout Mistakes for a Flowing Space	</title><link>	https://osmstats.redcross.org/bust-through-5-common-layout-mistakes-for-a-flowing-space.html	</link><description>&lt;div class=&quot;field field-name-field-date field-type-datetime field-label-above;/div&gt;</description><dc:creator>royal</dc:creator><guid isPermaLink="false">13584 at	https://osmstats.redcross.org/bust-through-5-common-layout-mistakes-for-a-flowing-space.html	</guid></item>
<item><title>	3 Genius Storage Hacks for Every Room in Your Home
	</title><link>	https://osmstats.redcross.org/3-genius-storage-hacks-for-every-room-in-your-home.html	</link><description>&lt;div class=&quot;field field-name-field-date field-type-datetime field-label-above;/div&gt;</description><dc:creator>royal</dc:creator><guid isPermaLink="false">13584 at	https://osmstats.redcross.org/3-genius-storage-hacks-for-every-room-in-your-home.html	</guid></item>
<item><title>	4 Brilliant Lighting Tricks to Banish Dimness and Brighten Your Mood
	</title><link>	https://osmstats.redcross.org/4-brilliant-lighting-tricks-to-banish-dimness-and-brighten-your-mood.html	</link><description>&lt;div class=&quot;field field-name-field-date field-type-datetime field-label-above;/div&gt;</description><dc:creator>royal</dc:creator><guid isPermaLink="false">13584 at	https://osmstats.redcross.org/4-brilliant-lighting-tricks-to-banish-dimness-and-brighten-your-mood.html	</guid></item>
<item><title>	5 Clever Space-Saving Solutions for Maximizing Tiny Kitchen Efficiency
	</title><link>	https://osmstats.redcross.org/5-clever-space-saving-solutions-for-maximizing-tiny-kitchen-efficiency.html	</link><description>&lt;div class=&quot;field field-name-field-date field-type-datetime field-label-above;/div&gt;</description><dc:creator>royal</dc:creator><guid isPermaLink="false">13584 at	https://osmstats.redcross.org/5-clever-space-saving-solutions-for-maximizing-tiny-kitchen-efficiency.html	</guid></item>

</channel>
</rss>